n,͐얼,͐ԍ,n,,Ǌo,E,W,ܓx,ox,ʔN,ݒu,P
,Fh,,,,,,0,34.92752496,135.766583,,,
,Fh,,,,,E,0,34.92707787,135.7665135,,,
,Fh,,,,,,0.1,34.92751395,135.7654324,,,
,Fh,,,,,E,0.1,34.92706501,135.7654812,,,
,Fh,,,,,,0.2,34.92747777,135.76437,,,
,Fh,,,,,E,0.2,34.92702714,135.7643578,,,
,Fh,,,,,,0.3,34.9276599,135.7633939,,,
,Fh,,,,,E,0.3,34.92723472,135.7632123,,,
,Fh,,,,,,0.4,34.92801859,135.7624289,,,
,Fh,,,,,E,0.4,34.92761557,135.7621838,,,
,Fh,,,,,,0.5,34.92846292,135.7617286,,,
,Fh,,,,,E,0.5,34.92830206,135.7612173,,,
,Fh,,,,,,0.6,34.92930674,135.761451,,,
,Fh,,,,,E,0.6,34.92919638,135.7609203,,,
,Fh,,,,,,0.7,34.9301746,135.7606844,,,
,Fh,,,,,E,0.7,34.92972424,135.7606619,,,
,Fh,,,,,,0.8,34.93021169,135.7595907,,,
,Fh,,,,,E,0.8,34.92976133,135.7595682,,,
,Fh,,,,,,0.9,34.93027601,135.7584946,,,
,Fh,,,,,E,0.9,34.92982538,135.7584829,,,
,Fh,,,,,,1,34.93029517,135.7574002,,,
,Fh,,,,,E,1,34.92984454,135.7573886,,,
