n,͐얼,͐ԍ,n,,Ǌo,E,W,ܓx,ox,ʔN,ݒu,P
,Q쓱H,,,,,,0,34.78569783,135.613934,,,
,Q쓱H,,,,,E,0,34.78619194,135.6143158,,,
,Q쓱H,,,,,,0.1,34.78517202,135.6145721,,,
,Q쓱H,,,,,E,0.1,34.78546922,135.6151842,,,
,Q쓱H,,,,,,0.2,34.78438031,135.6150499,,,
,Q쓱H,,,,,E,0.2,34.7846492,135.615681,,,
,Q쓱H,,,,,,0.3,34.78360415,135.6154581,,,
,Q쓱H,,,,,E,0.3,34.78377277,135.6161383,,,
,Q쓱H,,,,,,0.4,34.78270007,135.6157891,,,
,Q쓱H,,,,,E,0.4,34.78295629,135.6164279,,,
,Q쓱H,,,,,,0.5,34.78187325,135.6162644,,,
,Q쓱H,,,,,E,0.5,34.78215885,135.6168846,,,
,Q쓱H,,,,,,0.6,34.7811085,135.6169203,,,
,Q쓱H,,,,,E,0.6,34.78145742,135.6174908,,,
,Q쓱H,,,,,,0.7,34.78039877,135.6177607,,,
,Q쓱H,,,,,E,0.7,34.78087877,135.618168,,,
,Q쓱H,,,,,,0.8,34.77981859,135.6185693,,,
,Q쓱H,,,,,E,0.8,34.78027868,135.6190091,,,
,Q쓱H,,,,,,0.9,34.77924052,135.6193363,,,
,Q쓱H,,,,,E,0.9,34.77964373,135.6198516,,,
,Q쓱H,,,,,,1,34.77857333,135.6199455,,,
,Q쓱H,,,,,E,1,34.77887396,135.6205551,,,
,Q쓱H,,,,,,1.1,34.77781324,135.6205687,,,
,Q쓱H,,,,,E,1.1,34.77814254,135.6211561,,,
,Q쓱H,,,,,,1.2,34.77705392,135.6211907,,,
,Q쓱H,,,,,E,1.2,34.77740831,135.6217563,,,
,Q쓱H,,,,,,1.3,34.77634333,135.6217977,,,
,Q쓱H,,,,,E,1.3,34.7766467,135.6224053,,,
,Q쓱H,,,,,,1.4,34.77556385,135.6223489,,,
,Q쓱H,,,,,E,1.4,34.77587474,135.6229509,,,
,Q쓱H,,,,,,1.5,34.7747987,135.622565,,,
,Q쓱H,,,,,E,1.5,34.77489721,135.623265,,,
,Q쓱H,,,,,,1.6,34.77393363,135.6227911,,,
,Q쓱H,,,,,E,1.6,34.77400235,135.6234963,,,
,Q쓱H,,,,,,1.7,34.77297176,135.6229936,,,
,Q쓱H,,,,,E,1.7,34.77301569,135.6237018,,,
