n,͐얼,͐ԍ,n,,Ǌo,E,W,ܓx,ox,ʔN,ݒu,P
,rJ,,,,,,0,34.53116753,135.9617607,,,
,rJ,,,,,E,0,34.53072009,135.9618269,,,
,rJ,,,,,,0.1,34.53159648,135.9612547,,,
,rJ,,,,,E,0.1,34.53133062,135.9608148,,,
,rJ,,,,,,0.2,34.53200214,135.9598547,,,
,rJ,,,,,E,0.2,34.53157957,135.9600444,,,
,rJ,,,,,,0.3,34.53213328,135.9597856,,,
,rJ,,,,,E,0.3,34.53218288,135.9592442,,,
,rJ,,,,,,0.4,34.5329041,135.9598552,,,
,rJ,,,,,E,0.4,34.5329934,135.9593213,,,
,rJ,,,,,,0.5,34.53391671,135.9595746,,,
,rJ,,,,,E,0.5,34.5336422,135.9591425,,,
,rJ,,,,,,0.6,34.53452265,135.9591527,,,
,rJ,,,,,E,0.6,34.53440486,135.9586269,,,
,rJ,,,,,,0.7,34.53528898,135.9590013,,,
,rJ,,,,,E,0.7,34.53536603,135.9584646,,,
,rJ,,,,,,0.8,34.5362234,135.959038,,,
,rJ,,,,,E,0.8,34.53600378,135.9585623,,,
