n,͐얼,͐ԍ,n,,Ǌo,E,W,ܓx,ox,ʔN,ݒu,P
,mJ,,,,,,0,34.95529904,136.3328271,,,
,mJ,,,,,E,0,34.95552515,136.3322303,,,
,mJ,,,,,,0.1,34.95638342,136.3327412,,,
,mJ,,,,,E,0.1,34.9561675,136.3321388,,,
,mJ,,,,,,0.2,34.95702308,136.3331116,,,
,mJ,,,,,E,0.2,34.95715601,136.3324748,,,
,mJ,,,,,,0.3,34.95786768,136.3332855,,,
,mJ,,,,,E,0.3,34.95808465,136.3326837,,,
,mJ,,,,,,0.4,34.95849253,136.3339825,,,
,mJ,,,,,E,0.4,34.95877789,136.3334244,,,
,mJ,,,,,,0.5,34.95945858,136.334331,,,
,mJ,,,,,E,0.5,34.95952555,136.3336791,,,
,mJ,,,,,,0.6,34.96037583,136.3344522,,,
,mJ,,,,,E,0.6,34.9603999,136.3337959,,,
,mJ,,,,,,0.7,34.96133008,136.3344824,,,
,mJ,,,,,E,0.7,34.96124073,136.3338344,,,
,mJ,,,,,,0.8,34.96208423,136.3345258,,,
,mJ,,,,,E,0.8,34.96225844,136.3339037,,,
,mJ,,,,,,0.9,34.96302393,136.3349984,,,
,mJ,,,,,E,0.9,34.96288865,136.3343623,,,
,mJ,,,,,,1,34.96383182,136.3349335,,,
,mJ,,,,,E,1,34.96386256,136.3342775,,,
