n,͐얼,͐ԍ,n,,Ǌo,E,W,ܓx,ox,ʔN,ݒu,P
,ZC,,,,,,0,34.81824617,136.0483254,,,
,ZC,,,,,E,0,34.81854707,136.0487323,,,
,ZC,,,,,,0.1,34.8175151,136.0485409,,,
,ZC,,,,,E,0.1,34.81761087,136.049075,,,
,ZC,,,,,,0.2,34.81667778,136.0488065,,,
,ZC,,,,,E,0.2,34.81670567,136.049352,,,
,ZC,,,,,,0.3,34.81565041,136.0489669,,,
,ZC,,,,,E,0.3,34.81597978,136.04934,,,
,ZC,,,,,,0.4,34.81489573,136.0491999,,,
,ZC,,,,,E,0.4,34.81512974,136.049667,,,
,ZC,,,,,,0.5,34.81417087,136.0499294,,,
,ZC,,,,,E,0.5,34.81447105,136.0503371,,,
,ZC,,,,,,0.6,34.81362242,136.0500737,,,
,ZC,,,,,E,0.6,34.81365431,136.0506188,,,
,ZC,,,,,,0.7,34.81292121,136.0507838,,,
,ZC,,,,,E,0.7,34.81266904,136.0512368,,,
,ZC,,,,,,0.8,34.81196153,136.0503476,,,
,ZC,,,,,E,0.8,34.81197946,136.0508937,,,
