n,͐얼,͐ԍ,n,,Ǌo,E,W,ܓx,ox,ʔN,ݒu,P
,CVJ,,,,,,0,35.20900659,135.5414246,,,
,CVJ,,,,,E,0,35.20864979,135.5413612,,,
,CVJ,,,,,,0.1,35.2091898,135.5404591,,,
,CVJ,,,,,E,0.1,35.20889011,135.5402149,,,
,CVJ,,,,,,0.2,35.20987166,135.5398331,,,
,CVJ,,,,,E,0.2,35.20963287,135.539504,,,
,CVJ,,,,,,0.3,35.21055728,135.5390732,,,
,CVJ,,,,,E,0.3,35.21027802,135.5387953,,,
,CVJ,,,,,,0.4,35.21099174,135.5380476,,,
,CVJ,,,,,E,0.4,35.21065866,135.5378793,,,
,CVJ,,,,,,0.5,35.21160712,135.5380291,,,
,CVJ,,,,,E,0.5,35.21161382,135.5375898,,,
,CVJ,,,,,,0.6,35.21254293,135.5380486,,,
,CVJ,,,,,E,0.6,35.21246774,135.5376189,,,
,CVJ,,,,,,0.7,35.21340062,135.538118,,,
,CVJ,,,,,E,0.7,35.21339894,135.5376786,,,
,CVJ,,,,,,0.8,35.21419064,135.5382985,,,
,CVJ,,,,,E,0.8,35.21435225,135.5379058,,,
,CVJ,,,,,,0.9,35.2147882,135.538925,,,
,CVJ,,,,,E,0.9,35.21509574,135.5386956,,,
,CVJ,,,,,,1,35.21522524,135.539878,,,
,CVJ,,,,,E,1,35.21553724,135.5396578,,,
,CVJ,,,,,,1.1,35.21599905,135.5406643,,,
,CVJ,,,,,E,1.1,35.21608845,135.5402387,,,
,CVJ,,,,,,1.2,35.21689848,135.5403202,,,
,CVJ,,,,,E,1.2,35.21681375,135.5398931,,,
,CVJ,,,,,,1.3,35.21762133,135.5404237,,,
,CVJ,,,,,E,1.3,35.21779604,135.5400394,,,
,CVJ,,,,,,1.4,35.21839155,135.5410471,,,
,CVJ,,,,,E,1.4,35.21850683,135.5406308,,,
,CVJ,,,,,,1.5,35.2193317,135.5412706,,,
,CVJ,,,,,E,1.5,35.21931988,135.5408315,,,
,CVJ,,,,,,1.6,35.22023348,135.5413113,,,
,CVJ,,,,,E,1.6,35.22020625,135.5408732,,,
,CVJ,,,,,,1.7,35.22104777,135.5412855,,,
,CVJ,,,,,E,1.7,35.22118491,135.5408792,,,
,CVJ,,,,,,1.8,35.22157783,135.5421189,,,
,CVJ,,,,,E,1.8,35.22173563,135.5417238,,,
,CVJ,,,,,,1.9,35.22258906,135.5419084,,,
,CVJ,,,,,E,1.9,35.22242234,135.5415188,,,
